case,reference,model,DockQ,iRMSD,LRMSD,fnat,fnonnat,clashes,CAPRI_class
CAL_1YMM,1YMM,ranked_0,0.1358,5.3385,15.3106,0.0986,0.8654,0.0,Incorrect
CAL_1YMM,1YMM,ranked_1,0.1274,5.6846,16.081,0.0986,0.8679,0.0,Incorrect
CAL_1YMM,1YMM,ranked_2,0.0891,5.7555,18.4144,0.0282,0.9556,0.0,Incorrect
CAL_1YMM,1YMM,ranked_3,0.1348,5.3149,15.4661,0.0986,0.8704,0.0,Incorrect
CAL_1YMM,1YMM,ranked_4,0.0901,5.7131,18.2941,0.0282,0.9565,0.0,Incorrect
CAL_2WBJ_EXCLUDED,2WBJ,ranked_0,0.0362,4.9178,54.8305,0.0,1.0,0.0,Incorrect
CAL_2WBJ_EXCLUDED,2WBJ,ranked_1,0.0362,4.9003,55.3846,0.0,1.0,0.0,Incorrect
CAL_2WBJ_EXCLUDED,2WBJ,ranked_2,0.0365,4.8807,55.0721,0.0,1.0,0.0,Incorrect
CAL_2WBJ_EXCLUDED,2WBJ,ranked_3,0.0375,4.7944,55.0504,0.0,1.0,0.0,Incorrect
CAL_2WBJ_EXCLUDED,2WBJ,ranked_4,0.0363,4.91,54.8209,0.0,1.0,0.0,Incorrect
